Time (s),Volume (m^3),He,NOX,OX,NX,OHX,NH3X,Ar,Ne,X(1),O2(2),H2O(3),N2(4),NO(5),NH3(6),N2O(7)
0.0,0.066515776,0.938,0.0,0.0,0.0,0.0,0.0,0.0,0.0,0.039362147337756934,0.01,0.05,0.0,0.0,0.002,0.0
