Time (s),Volume (m^3),He,Ar,Ne,X(1),O2(2),H2O(3),N2(4),NO(5),NH3(6),N2O(7)
0.0,0.043484688560000005,0.06,0.0,0.0,0.03084927986715153,0.88,0.0,0.0,0.0,0.06,0.0
